<?xml version="1.0" encoding="UTF-8"?>
<project-private xmlns="http://www.netbeans.org/ns/project-private/1">
    <editor-bookmarks xmlns="http://www.netbeans.org/ns/editor-bookmarks/2" lastBookmarkId="0"/>
    <open-files xmlns="http://www.netbeans.org/ns/projectui-open-files/2">
        <group>
            <file>file:/C:/Users/LENOVO/Documents/NetBeansProjects/Dummy/src/dummy/Menu.java</file>
            <file>file:/C:/Users/LENOVO/Documents/NetBeansProjects/Dummy/src/dummy/jadwal.java</file>
            <file>file:/C:/Users/LENOVO/Documents/NetBeansProjects/Dummy/src/dummy/DummyDetailRuangan.java</file>
            <file>file:/C:/Users/LENOVO/Documents/NetBeansProjects/Dummy/src/Koneksi/koneksi.java</file>
        </group>
    </open-files>
</project-private>
